time,drone_id,x,y,z,target_x,target_y,target_z,formation_error,min_distance
0.1,1,0.1807,0.0857,2.0,20.0,10.0,2.0,0.0,2.9086
0.1,2,-2.0049,-2.0049,2.0,20.0,10.0,2.0,0.2065,2.9086
0.1,3,-2.0049,2.0049,2.0,20.0,10.0,2.0,0.2024,2.9086
0.2,1,0.3611,0.1722,2.0,20.0,10.0,2.0,0.0,2.9829
0.2,2,-1.9789,-1.9922,2.0,20.0,10.0,2.0,0.3776,2.9829
0.2,3,-1.9816,2.0186,2.0,20.0,10.0,2.0,0.3755,2.9829
0.3,1,0.5402,0.2611,2.0,20.0,10.0,2.0,0.0,3.0478
0.3,2,-1.9313,-1.9692,2.0,20.0,10.0,2.0,0.5247,3.0478
0.3,3,-1.9342,2.0405,2.0,20.0,10.0,2.0,0.5232,3.0478
0.4,1,0.719,0.3506,2.0,20.0,10.0,2.0,0.0,3.1069
0.4,2,-1.8653,-1.9369,2.0,20.0,10.0,2.0,0.6512,3.1069
0.4,3,-1.8678,2.0714,2.0,20.0,10.0,2.0,0.6499,3.1069
0.5,1,0.8979,0.4401,2.0,20.0,10.0,2.0,0.0,3.1609
0.5,2,-1.7835,-1.8967,2.0,20.0,10.0,2.0,0.7601,3.1609
0.5,3,-1.7856,2.1105,2.0,20.0,10.0,2.0,0.7588,3.1609
0.6,1,1.0767,0.5296,2.0,20.0,10.0,2.0,0.0,3.2096
0.6,2,-1.6881,-1.8495,2.0,20.0,10.0,2.0,0.8537,3.2096
0.6,3,-1.6899,2.1566,2.0,20.0,10.0,2.0,0.8526,3.2096
0.7,1,1.2556,0.6191,2.0,20.0,10.0,2.0,0.0,3.2531
0.7,2,-1.581,-1.7964,2.0,20.0,10.0,2.0,0.9341,3.2531
0.7,3,-1.5826,2.2089,2.0,20.0,10.0,2.0,0.9332,3.2531
0.8,1,1.4344,0.7087,2.0,20.0,10.0,2.0,0.0,3.2916
0.8,2,-1.4639,-1.7383,2.0,20.0,10.0,2.0,1.0034,3.2916
0.8,3,-1.4652,2.2663,2.0,20.0,10.0,2.0,1.0026,3.2916
0.9,1,1.6133,0.7982,2.0,20.0,10.0,2.0,0.0,3.3255
0.9,2,-1.3381,-1.6757,2.0,20.0,10.0,2.0,1.0629,3.3255
0.9,3,-1.3393,2.3282,2.0,20.0,10.0,2.0,1.0622,3.3255
1.0,1,1.7922,0.8877,2.0,20.0,10.0,2.0,0.0,3.3552
1.0,2,-1.2049,-1.6094,2.0,20.0,10.0,2.0,1.1141,3.3552
1.0,3,-1.2059,2.394,2.0,20.0,10.0,2.0,1.1135,3.3552
1.1,1,1.971,0.9772,2.0,20.0,10.0,2.0,0.0,3.3812
1.1,2,-1.0653,-1.5398,2.0,20.0,10.0,2.0,1.1581,3.3812
1.1,3,-1.0662,2.4631,2.0,20.0,10.0,2.0,1.1576,3.3812
1.2,1,2.1499,1.0667,2.0,20.0,10.0,2.0,0.0,3.4039
1.2,2,-0.9202,-1.4674,2.0,20.0,10.0,2.0,1.196,3.4039
1.2,3,-0.921,2.5351,2.0,20.0,10.0,2.0,1.1955,3.4039
1.3,1,2.3287,1.1562,2.0,20.0,10.0,2.0,0.0,3.4236
1.3,2,-0.7704,-1.3926,2.0,20.0,10.0,2.0,1.2285,3.4236
1.3,3,-0.7711,2.6095,2.0,20.0,10.0,2.0,1.2282,3.4236
1.4,1,2.5076,1.2457,2.0,20.0,10.0,2.0,0.0,3.4407
1.4,2,-0.6165,-1.3158,2.0,20.0,10.0,2.0,1.2565,3.4407
1.4,3,-0.6171,2.6861,2.0,20.0,10.0,2.0,1.2562,3.4407
1.5,1,2.6864,1.3352,2.0,20.0,10.0,2.0,0.0,3.4555
1.5,2,-0.4592,-1.2372,2.0,20.0,10.0,2.0,1.2806,3.4555
1.5,3,-0.4596,2.7644,2.0,20.0,10.0,2.0,1.2803,3.4555
1.6,1,2.8653,1.4247,2.0,20.0,10.0,2.0,0.0,3.4683
1.6,2,-0.2988,-1.157,2.0,20.0,10.0,2.0,1.3013,3.4683
1.6,3,-0.2992,2.8443,2.0,20.0,10.0,2.0,1.3011,3.4683
1.7,1,3.0441,1.5142,2.0,20.0,10.0,2.0,0.0,3.4794
1.7,2,-0.1358,-1.0756,2.0,20.0,10.0,2.0,1.3192,3.4794
1.7,3,-0.1362,2.9256,2.0,20.0,10.0,2.0,1.3189,3.4794
1.8,1,3.223,1.6037,2.0,20.0,10.0,2.0,0.0,3.489
1.8,2,0.0294,-0.993,2.0,20.0,10.0,2.0,1.3345,3.489
1.8,3,0.0291,3.008,2.0,20.0,10.0,2.0,1.3343,3.489
1.9,1,3.4018,1.6932,2.0,20.0,10.0,2.0,0.0,3.4972
1.9,2,0.1965,-0.9095,2.0,20.0,10.0,2.0,1.3476,3.4972
1.9,3,0.1962,3.0914,2.0,20.0,10.0,2.0,1.3475,3.4972
2.0,1,3.5807,1.7828,2.0,20.0,10.0,2.0,0.0,3.5044
2.0,2,0.3652,-0.8251,2.0,20.0,10.0,2.0,1.359,3.5044
2.0,3,0.365,3.1757,2.0,20.0,10.0,2.0,1.3588,3.5044
2.1,1,3.7595,1.8723,2.0,20.0,10.0,2.0,0.0,3.5105
2.1,2,0.5354,-0.74,2.0,20.0,10.0,2.0,1.3687,3.5105
2.1,3,0.5352,3.2606,2.0,20.0,10.0,2.0,1.3686,3.5105
2.2,1,3.9384,1.9618,2.0,20.0,10.0,2.0,0.0,3.5159
2.2,2,0.7068,-0.6543,2.0,20.0,10.0,2.0,1.3771,3.5159
2.2,3,0.7066,3.3463,2.0,20.0,10.0,2.0,1.377,3.5159
2.3,1,4.1172,2.0513,2.0,20.0,10.0,2.0,0.0,3.5204
2.3,2,0.8792,-0.568,2.0,20.0,10.0,2.0,1.3843,3.5204
2.3,3,0.8791,3.4324,2.0,20.0,10.0,2.0,1.3842,3.5204
2.4,1,4.2961,2.1408,2.0,20.0,10.0,2.0,0.0,3.5244
2.4,2,1.0525,-0.4813,2.0,20.0,10.0,2.0,1.3905,3.5244
2.4,3,1.0524,3.5191,2.0,20.0,10.0,2.0,1.3904,3.5244
2.5,1,4.4749,2.2303,2.0,20.0,10.0,2.0,0.0,3.5278
2.5,2,1.2266,-0.3942,2.0,20.0,10.0,2.0,1.3958,3.5278
2.5,3,1.2265,3.6061,2.0,20.0,10.0,2.0,1.3958,3.5278
2.6,1,4.6538,2.3198,2.0,20.0,10.0,2.0,0.0,3.5307
2.6,2,1.4014,-0.3068,2.0,20.0,10.0,2.0,1.4004,3.5307
2.6,3,1.4013,3.6935,2.0,20.0,10.0,2.0,1.4004,3.5307
2.7,1,4.8318,2.4089,2.0,20.0,10.0,2.0,0.0,3.5326
2.7,2,1.5767,-0.2191,2.0,20.0,10.0,2.0,1.4034,3.5326
2.7,3,1.5766,3.7812,2.0,20.0,10.0,2.0,1.4033,3.5326
2.8,1,5.0008,2.4935,2.0,20.0,10.0,2.0,0.0,3.5277
2.8,2,1.7524,-0.1312,2.0,20.0,10.0,2.0,1.396,3.5277
2.8,3,1.7524,3.8691,2.0,20.0,10.0,2.0,1.3959,3.5277
2.9,1,5.1615,2.5739,2.0,20.0,10.0,2.0,0.0,3.5174
2.9,2,1.9272,-0.0437,2.0,20.0,10.0,2.0,1.3802,3.5174
2.9,3,1.9271,3.9565,2.0,20.0,10.0,2.0,1.3801,3.5174
3.0,1,5.3141,2.6503,2.0,20.0,10.0,2.0,0.0,3.5029
3.0,2,2.1,0.0428,2.0,20.0,10.0,2.0,1.3576,3.5029
3.0,3,2.1,4.0429,2.0,20.0,10.0,2.0,1.3575,3.5029
3.1,1,5.459,2.7228,2.0,20.0,10.0,2.0,0.0,3.4849
3.1,2,2.27,0.1278,2.0,20.0,10.0,2.0,1.3296,3.4849
3.1,3,2.2699,4.1279,2.0,20.0,10.0,2.0,1.3296,3.4849
3.2,1,5.5967,2.7917,2.0,20.0,10.0,2.0,0.0,3.4645
3.2,2,2.4364,0.2111,2.0,20.0,10.0,2.0,1.2975,3.4645
3.2,3,2.4364,4.2112,2.0,20.0,10.0,2.0,1.2974,3.4645
3.3,1,5.7208,2.84,2.0,20.0,10.0,2.0,0.0,3.4433
3.3,2,2.5989,0.2924,2.0,20.0,10.0,2.0,1.2484,3.4433
3.3,3,2.5988,4.2925,2.0,20.0,10.0,2.0,1.2484,3.4433
3.4,1,5.8378,2.8822,2.0,20.0,10.0,2.0,0.0,3.4218
3.4,2,2.756,0.369,2.0,20.0,10.0,2.0,1.1974,3.4218
3.4,3,2.7559,4.3691,2.0,20.0,10.0,2.0,1.1974,3.4218
3.5,1,5.948,2.9187,2.0,20.0,10.0,2.0,0.0,3.4004
3.5,2,2.9074,0.4409,2.0,20.0,10.0,2.0,1.1451,3.4004
3.5,3,2.9074,4.441,2.0,20.0,10.0,2.0,1.1451,3.4004
3.6,1,6.052,2.9496,2.0,20.0,10.0,2.0,0.0,3.3796
3.6,2,3.0531,0.5078,2.0,20.0,10.0,2.0,1.0922,3.3796
3.6,3,3.0531,4.5079,2.0,20.0,10.0,2.0,1.0922,3.3796
3.7,1,6.15,2.9749,2.0,20.0,10.0,2.0,0.0,3.3598
3.7,2,3.1929,0.5696,2.0,20.0,10.0,2.0,1.0393,3.3598
3.7,3,3.1929,4.5697,2.0,20.0,10.0,2.0,1.0393,3.3598
3.8,1,6.2426,2.9948,2.0,20.0,10.0,2.0,0.0,3.3411
3.8,2,3.3269,0.6264,2.0,20.0,10.0,2.0,0.987,3.3411
3.8,3,3.3269,4.6264,2.0,20.0,10.0,2.0,0.987,3.3411
3.9,1,6.33,3.0095,2.0,20.0,10.0,2.0,0.0,3.3239
3.9,2,3.4551,0.678,2.0,20.0,10.0,2.0,0.9356,3.3239
3.9,3,3.4551,4.678,2.0,20.0,10.0,2.0,0.9356,3.3239
4.0,1,6.4126,3.0191,2.0,20.0,10.0,2.0,0.0,3.3084
4.0,2,3.5776,0.7244,2.0,20.0,10.0,2.0,0.8855,3.3084
4.0,3,3.5776,4.7244,2.0,20.0,10.0,2.0,0.8855,3.3084
4.1,1,6.491,3.0238,2.0,20.0,10.0,2.0,0.0,3.2946
4.1,2,3.6945,0.7656,2.0,20.0,10.0,2.0,0.8373,3.2946
4.1,3,3.6945,4.7657,2.0,20.0,10.0,2.0,0.8373,3.2946
4.2,1,6.5653,3.0238,2.0,20.0,10.0,2.0,0.0,3.2826
4.2,2,3.806,0.8018,2.0,20.0,10.0,2.0,0.7911,3.2826
4.2,3,3.806,4.8018,2.0,20.0,10.0,2.0,0.7911,3.2826
4.3,1,6.6362,3.0193,2.0,20.0,10.0,2.0,0.0,3.2724
4.3,2,3.9123,0.8329,2.0,20.0,10.0,2.0,0.7475,3.2724
4.3,3,3.9123,4.8329,2.0,20.0,10.0,2.0,0.7475,3.2724
4.4,1,6.7038,3.0104,2.0,20.0,10.0,2.0,0.0,3.2641
4.4,2,4.0137,0.859,2.0,20.0,10.0,2.0,0.7066,3.2641
4.4,3,4.0136,4.859,2.0,20.0,10.0,2.0,0.7066,3.2641
4.5,1,6.7686,2.9973,2.0,20.0,10.0,2.0,0.0,3.2577
4.5,2,4.1103,0.8802,2.0,20.0,10.0,2.0,0.6687,3.2577
4.5,3,4.1101,4.8801,2.0,20.0,10.0,2.0,0.6689,3.2577
4.6,1,6.8311,2.9803,2.0,20.0,10.0,2.0,0.0,3.254
4.6,2,4.2024,0.8966,2.0,20.0,10.0,2.0,0.6342,3.254
4.6,3,4.2009,4.8963,2.0,20.0,10.0,2.0,0.6358,3.254
4.7,1,6.8914,2.9597,2.0,20.0,10.0,2.0,0.0,3.2527
4.7,2,4.2905,0.9083,2.0,20.0,10.0,2.0,0.6032,3.2527
4.7,3,4.2866,4.9077,2.0,20.0,10.0,2.0,0.6071,3.2527
4.8,1,6.9501,2.9355,2.0,20.0,10.0,2.0,0.0,3.2535
4.8,2,4.3746,0.9155,2.0,20.0,10.0,2.0,0.5758,3.2535
4.8,3,4.3678,4.9147,2.0,20.0,10.0,2.0,0.5827,3.2535
4.9,1,7.0074,2.9082,2.0,20.0,10.0,2.0,0.0,3.2363
4.9,2,4.4552,0.9183,2.0,20.0,10.0,2.0,0.5523,3.2363
4.9,3,4.445,4.9175,2.0,20.0,10.0,2.0,0.5624,3.2363
5.0,1,7.0636,2.8778,2.0,20.0,10.0,2.0,0.0,3.2019
5.0,2,4.5325,0.9169,2.0,20.0,10.0,2.0,0.5326,3.2019
5.0,3,4.5188,4.9162,2.0,20.0,10.0,2.0,0.5462,3.2019
5.1,1,7.1192,2.8447,2.0,20.0,10.0,2.0,0.0,3.1701
5.1,2,4.6068,0.9114,2.0,20.0,10.0,2.0,0.5166,3.1701
5.1,3,4.5894,4.9113,2.0,20.0,10.0,2.0,0.5339,3.1701
5.2,1,7.1742,2.8091,2.0,20.0,10.0,2.0,0.0,3.1409
5.2,2,4.6786,0.9021,2.0,20.0,10.0,2.0,0.5043,3.1409
5.2,3,4.6573,4.9027,2.0,20.0,10.0,2.0,0.5253,3.1409
5.3,1,7.2292,2.7713,2.0,20.0,10.0,2.0,0.0,3.1143
5.3,2,4.748,0.8891,2.0,20.0,10.0,2.0,0.4954,3.1143
5.3,3,4.7229,4.8909,2.0,20.0,10.0,2.0,0.5202,3.1143
5.4,1,7.2842,2.7313,2.0,20.0,10.0,2.0,0.0,3.0904
5.4,2,4.8153,0.8726,2.0,20.0,10.0,2.0,0.4897,3.0904
5.4,3,4.7865,4.8758,2.0,20.0,10.0,2.0,0.5183,3.0904
5.5,1,7.3396,2.6896,2.0,20.0,10.0,2.0,0.0,3.069
5.5,2,4.881,0.8528,2.0,20.0,10.0,2.0,0.4868,3.069
5.5,3,4.8483,4.8579,2.0,20.0,10.0,2.0,0.5192,3.069
5.6,1,7.3955,2.6463,2.0,20.0,10.0,2.0,0.0,3.0501
5.6,2,4.9452,0.83,2.0,20.0,10.0,2.0,0.4863,3.0501
5.6,3,4.9088,4.8372,2.0,20.0,10.0,2.0,0.5228,3.0501
5.7,1,7.4522,2.6017,2.0,20.0,10.0,2.0,0.0,3.0338
5.7,2,5.0082,0.8043,2.0,20.0,10.0,2.0,0.488,3.0338
5.7,3,4.9681,4.8139,2.0,20.0,10.0,2.0,0.5285,3.0338
5.8,1,7.5098,2.5559,2.0,20.0,10.0,2.0,0.0,3.0198
5.8,2,5.0704,0.7759,2.0,20.0,10.0,2.0,0.4914,3.0198
5.8,3,5.0265,4.7883,2.0,20.0,10.0,2.0,0.5362,3.0198
5.9,1,7.5685,2.5091,2.0,20.0,10.0,2.0,0.0,3.0081
5.9,2,5.1319,0.7451,2.0,20.0,10.0,2.0,0.4963,3.0081
5.9,3,5.072,4.7484,2.0,20.0,10.0,2.0,0.5512,3.0081
6.0,1,7.6284,2.4616,2.0,20.0,10.0,2.0,0.0,2.9987
6.0,2,5.193,0.7121,2.0,20.0,10.0,2.0,0.5023,2.9987
6.0,3,5.1179,4.7071,2.0,20.0,10.0,2.0,0.5665,2.9987
6.1,1,7.6898,2.4135,2.0,20.0,10.0,2.0,0.0,2.9915
6.1,2,5.2539,0.677,2.0,20.0,10.0,2.0,0.5093,2.9915
6.1,3,5.1645,4.6643,2.0,20.0,10.0,2.0,0.5821,2.9915
6.2,1,7.7529,2.3652,2.0,20.0,10.0,2.0,0.0,2.9869
6.2,2,5.3147,0.6399,2.0,20.0,10.0,2.0,0.5172,2.9869
6.2,3,5.2117,4.6203,2.0,20.0,10.0,2.0,0.5983,2.9869
6.3,1,7.8177,2.3167,2.0,20.0,10.0,2.0,0.0,2.9845
6.3,2,5.3756,0.6011,2.0,20.0,10.0,2.0,0.5257,2.9845
6.3,3,5.2597,4.5751,2.0,20.0,10.0,2.0,0.6149,2.9845
6.4,1,7.8843,2.2682,2.0,20.0,10.0,2.0,0.0,2.984
6.4,2,5.437,0.5609,2.0,20.0,10.0,2.0,0.5346,2.984
6.4,3,5.3085,4.5287,2.0,20.0,10.0,2.0,0.632,2.984
6.5,1,7.9527,2.2197,2.0,20.0,10.0,2.0,0.0,2.9851
6.5,2,5.4991,0.5196,2.0,20.0,10.0,2.0,0.5438,2.9851
6.5,3,5.3583,4.4813,2.0,20.0,10.0,2.0,0.6494,2.9851
6.6,1,8.0228,2.1714,2.0,20.0,10.0,2.0,0.0,2.9876
6.6,2,5.5621,0.4773,2.0,20.0,10.0,2.0,0.553,2.9876
6.6,3,5.409,4.4328,2.0,20.0,10.0,2.0,0.6672,2.9876
6.7,1,8.0948,2.1235,2.0,20.0,10.0,2.0,0.0,2.9913
6.7,2,5.6262,0.4342,2.0,20.0,10.0,2.0,0.5623,2.9913
6.7,3,5.4608,4.3835,2.0,20.0,10.0,2.0,0.6853,2.9913
6.8,1,8.1687,2.0759,2.0,20.0,10.0,2.0,0.0,2.9962
6.8,2,5.6915,0.3905,2.0,20.0,10.0,2.0,0.5715,2.9962
6.8,3,5.5136,4.3333,2.0,20.0,10.0,2.0,0.7038,2.9962
6.9,1,8.2443,2.029,2.0,20.0,10.0,2.0,0.0,3.002
6.9,2,5.7582,0.3464,2.0,20.0,10.0,2.0,0.5806,3.002
6.9,3,5.5676,4.2823,2.0,20.0,10.0,2.0,0.7226,3.002
7.0,1,8.3219,1.9828,2.0,20.0,10.0,2.0,0.0,3.0089
7.0,2,5.8262,0.3019,2.0,20.0,10.0,2.0,0.5895,3.0089
7.0,3,5.6227,4.2307,2.0,20.0,10.0,2.0,0.7418,3.0089
7.1,1,8.4015,1.9377,2.0,20.0,10.0,2.0,0.0,3.0172
7.1,2,5.8956,0.2573,2.0,20.0,10.0,2.0,0.5984,3.0172
7.1,3,5.6791,4.1784,2.0,20.0,10.0,2.0,0.7615,3.0172
7.2,1,8.4832,1.8937,2.0,20.0,10.0,2.0,0.0,3.0266
7.2,2,5.9665,0.2125,2.0,20.0,10.0,2.0,0.6072,3.0266
7.2,3,5.7367,4.1256,2.0,20.0,10.0,2.0,0.7818,3.0266
7.3,1,8.567,1.8509,2.0,20.0,10.0,2.0,0.0,3.0372
7.3,2,6.0388,0.1679,2.0,20.0,10.0,2.0,0.616,3.0372
7.3,3,5.7956,4.0723,2.0,20.0,10.0,2.0,0.8026,3.0372
7.4,1,8.6529,1.8096,2.0,20.0,10.0,2.0,0.0,3.0488
7.4,2,6.1128,0.1235,2.0,20.0,10.0,2.0,0.6247,3.0488
7.4,3,5.8559,4.0187,2.0,20.0,10.0,2.0,0.824,3.0488
7.5,1,8.7408,1.7697,2.0,20.0,10.0,2.0,0.0,3.0613
7.5,2,6.1884,0.0795,2.0,20.0,10.0,2.0,0.6334,3.0613
7.5,3,5.9176,3.9647,2.0,20.0,10.0,2.0,0.846,3.0613
7.6,1,8.8308,1.7315,2.0,20.0,10.0,2.0,0.0,3.0747
7.6,2,6.2657,0.0362,2.0,20.0,10.0,2.0,0.642,3.0747
7.6,3,5.9807,3.9105,2.0,20.0,10.0,2.0,0.8688,3.0747
7.7,1,8.9229,1.6951,2.0,20.0,10.0,2.0,0.0,3.0889
7.7,2,6.3448,-0.0065,2.0,20.0,10.0,2.0,0.6505,3.0889
7.7,3,6.0453,3.856,2.0,20.0,10.0,2.0,0.8922,3.0889
7.8,1,9.0169,1.6605,2.0,20.0,10.0,2.0,0.0,3.1038
7.8,2,6.4258,-0.0483,2.0,20.0,10.0,2.0,0.659,3.1038
7.8,3,6.1114,3.8015,2.0,20.0,10.0,2.0,0.9164,3.1038
7.9,1,9.1129,1.6279,2.0,20.0,10.0,2.0,0.0,3.1194
7.9,2,6.5085,-0.089,2.0,20.0,10.0,2.0,0.6674,3.1194
7.9,3,6.179,3.7468,2.0,20.0,10.0,2.0,0.9414,3.1194
8.0,1,9.2109,1.5974,2.0,20.0,10.0,2.0,0.0,3.1356
8.0,2,6.5931,-0.1287,2.0,20.0,10.0,2.0,0.6758,3.1356
8.0,3,6.2482,3.692,2.0,20.0,10.0,2.0,0.9673,3.1356
8.1,1,9.3108,1.5691,2.0,20.0,10.0,2.0,0.0,3.1523
8.1,2,6.6796,-0.167,2.0,20.0,10.0,2.0,0.6841,3.1523
8.1,3,6.319,3.6372,2.0,20.0,10.0,2.0,0.9941,3.1523
8.2,1,9.4125,1.5431,2.0,20.0,10.0,2.0,0.0,3.1695
8.2,2,6.768,-0.204,2.0,20.0,10.0,2.0,0.6924,3.1695
8.2,3,6.3915,3.5823,2.0,20.0,10.0,2.0,1.0218,3.1695
8.3,1,9.5161,1.5196,2.0,20.0,10.0,2.0,0.0,3.1872
8.3,2,6.8582,-0.2394,2.0,20.0,10.0,2.0,0.7006,3.1872
8.3,3,6.4655,3.5275,2.0,20.0,10.0,2.0,1.0506,3.1872
8.4,1,9.6213,1.4986,2.0,20.0,10.0,2.0,0.0,3.2052
8.4,2,6.9503,-0.2731,2.0,20.0,10.0,2.0,0.7088,3.2052
8.4,3,6.5413,3.4726,2.0,20.0,10.0,2.0,1.0803,3.2052
8.5,1,9.7283,1.4802,2.0,20.0,10.0,2.0,0.0,3.2235
8.5,2,7.0443,-0.3051,2.0,20.0,10.0,2.0,0.7169,3.2235
8.5,3,6.6188,3.4177,2.0,20.0,10.0,2.0,1.1112,3.2235
8.6,1,9.8368,1.4645,2.0,20.0,10.0,2.0,0.0,3.2421
8.6,2,7.14,-0.3351,2.0,20.0,10.0,2.0,0.725,3.2421
8.6,3,6.6981,3.3629,2.0,20.0,10.0,2.0,1.1432,3.2421
8.7,1,9.9469,1.4516,2.0,20.0,10.0,2.0,0.0,3.261
8.7,2,7.2376,-0.3632,2.0,20.0,10.0,2.0,0.7331,3.261
8.7,3,6.7793,3.308,2.0,20.0,10.0,2.0,1.1764,3.261
8.8,1,10.0584,1.4416,2.0,20.0,10.0,2.0,0.0,3.28
8.8,2,7.3369,-0.3891,2.0,20.0,10.0,2.0,0.7411,3.28
8.8,3,6.8624,3.2531,2.0,20.0,10.0,2.0,1.2108,3.28
8.9,1,10.1713,1.4346,2.0,20.0,10.0,2.0,0.0,3.2992
8.9,2,7.4379,-0.4128,2.0,20.0,10.0,2.0,0.7491,3.2992
8.9,3,6.9474,3.1981,2.0,20.0,10.0,2.0,1.2465,3.2992
9.0,1,10.2854,1.4307,2.0,20.0,10.0,2.0,0.0,3.3185
9.0,2,7.5404,-0.4341,2.0,20.0,10.0,2.0,0.7572,3.3185
9.0,3,7.0346,3.1431,2.0,20.0,10.0,2.0,1.2834,3.3185
9.1,1,10.4008,1.4299,2.0,20.0,10.0,2.0,0.0,3.3382
9.1,2,7.6442,-0.453,2.0,20.0,10.0,2.0,0.7656,3.3382
9.1,3,7.124,3.0881,2.0,20.0,10.0,2.0,1.3217,3.3382
9.2,1,10.5172,1.4323,2.0,20.0,10.0,2.0,0.0,3.3582
9.2,2,7.7492,-0.4692,2.0,20.0,10.0,2.0,0.7743,3.3582
9.2,3,7.2157,3.0329,2.0,20.0,10.0,2.0,1.3613,3.3582
9.3,1,10.6346,1.4379,2.0,20.0,10.0,2.0,0.0,3.3784
9.3,2,7.8554,-0.4829,2.0,20.0,10.0,2.0,0.7832,3.3784
9.3,3,7.31,2.9776,2.0,20.0,10.0,2.0,1.4023,3.3784
9.4,1,10.7529,1.4469,2.0,20.0,10.0,2.0,0.0,3.3987
9.4,2,7.9627,-0.4938,2.0,20.0,10.0,2.0,0.7924,3.3987
9.4,3,7.4069,2.9223,2.0,20.0,10.0,2.0,1.4446,3.3987
9.5,1,10.872,1.4592,2.0,20.0,10.0,2.0,0.0,3.4157
9.5,2,8.0711,-0.5019,2.0,20.0,10.0,2.0,0.8018,3.4157
9.5,3,7.5068,2.8669,2.0,20.0,10.0,2.0,1.4882,3.4157
9.6,1,10.9918,1.4749,2.0,20.0,10.0,2.0,0.0,3.3674
9.6,2,8.1805,-0.5072,2.0,20.0,10.0,2.0,0.8114,3.3674
9.6,3,7.6098,2.8114,2.0,20.0,10.0,2.0,1.533,3.3674
9.7,1,11.1121,1.4941,2.0,20.0,10.0,2.0,0.0,3.3159
9.7,2,8.2909,-0.5096,2.0,20.0,10.0,2.0,0.8213,3.3159
9.7,3,7.7162,2.7561,2.0,20.0,10.0,2.0,1.579,3.3159
9.8,1,11.2329,1.5168,2.0,20.0,10.0,2.0,0.0,3.2612
9.8,2,8.402,-0.5091,2.0,20.0,10.0,2.0,0.8313,3.2612
9.8,3,7.8263,2.7008,2.0,20.0,10.0,2.0,1.6262,3.2612
9.9,1,11.3541,1.543,2.0,20.0,10.0,2.0,0.0,3.2033
9.9,2,8.514,-0.5056,2.0,20.0,10.0,2.0,0.8416,3.2033
9.9,3,7.9404,2.6459,2.0,20.0,10.0,2.0,1.6743,3.2033
10.0,1,11.4756,1.5727,2.0,20.0,10.0,2.0,0.0,3.1423
10.0,2,8.6266,-0.4991,2.0,20.0,10.0,2.0,0.852,3.1423
10.0,3,8.0589,2.5915,2.0,20.0,10.0,2.0,1.7232,3.1423
10.1,1,11.5972,1.6059,2.0,20.0,10.0,2.0,0.0,3.0784
10.1,2,8.7398,-0.4895,2.0,20.0,10.0,2.0,0.8627,3.0784
10.1,3,8.1822,2.5379,2.0,20.0,10.0,2.0,1.7728,3.0784
10.2,1,11.7188,1.6427,2.0,20.0,10.0,2.0,0.0,3.0117
10.2,2,8.8535,-0.4769,2.0,20.0,10.0,2.0,0.8735,3.0117
10.2,3,8.3106,2.4854,2.0,20.0,10.0,2.0,1.8227,3.0117
10.3,1,11.8405,1.6829,2.0,20.0,10.0,2.0,0.0,2.9425
10.3,2,8.9677,-0.4611,2.0,20.0,10.0,2.0,0.8846,2.9425
10.3,3,8.4446,2.4345,2.0,20.0,10.0,2.0,1.8727,2.9425
10.4,1,11.962,1.7268,2.0,20.0,10.0,2.0,0.0,2.876
10.4,2,9.0826,-0.4445,2.0,20.0,10.0,2.0,0.8959,2.876
10.4,3,8.5841,2.388,2.0,20.0,10.0,2.0,1.9211,2.876
10.5,1,12.0832,1.7741,2.0,20.0,10.0,2.0,0.0,2.8126
10.5,2,9.1981,-0.427,2.0,20.0,10.0,2.0,0.9077,2.8126
10.5,3,8.7295,2.3462,2.0,20.0,10.0,2.0,1.9676,2.8126
10.6,1,12.2042,1.8249,2.0,20.0,10.0,2.0,0.0,2.7517
10.6,2,9.3142,-0.4083,2.0,20.0,10.0,2.0,0.9201,2.7517
10.6,3,8.8812,2.3091,2.0,20.0,10.0,2.0,2.0119,2.7517
10.7,1,12.3248,1.8791,2.0,20.0,10.0,2.0,0.0,2.6935
10.7,2,9.4306,-0.3881,2.0,20.0,10.0,2.0,0.9332,2.6935
10.7,3,9.0398,2.277,2.0,20.0,10.0,2.0,2.0538,2.6935
10.8,1,12.4449,1.9368,2.0,20.0,10.0,2.0,0.0,2.6383
10.8,2,9.5471,-0.3659,2.0,20.0,10.0,2.0,0.9474,2.6383
10.8,3,9.2059,2.2502,2.0,20.0,10.0,2.0,2.0928,2.6383
10.9,1,12.5644,1.9979,2.0,20.0,10.0,2.0,0.0,2.5868
10.9,2,9.6637,-0.3416,2.0,20.0,10.0,2.0,0.9626,2.5868
10.9,3,9.3798,2.2297,2.0,20.0,10.0,2.0,2.1284,2.5868
11.0,1,12.6834,2.0623,2.0,20.0,10.0,2.0,0.0,2.5404
11.0,2,9.7799,-0.3149,2.0,20.0,10.0,2.0,0.9791,2.5404
11.0,3,9.5622,2.2162,2.0,20.0,10.0,2.0,2.16,2.5404
11.1,1,12.8018,2.13,2.0,20.0,10.0,2.0,0.0,2.5005
11.1,2,9.8957,-0.2855,2.0,20.0,10.0,2.0,0.9968,2.5005
11.1,3,9.7533,2.211,2.0,20.0,10.0,2.0,2.1868,2.5005
11.2,1,12.9194,2.201,2.0,20.0,10.0,2.0,0.0,2.4693
11.2,2,10.0107,-0.2532,2.0,20.0,10.0,2.0,1.0159,2.4693
11.2,3,9.9531,2.2154,2.0,20.0,10.0,2.0,2.2082,2.4693
11.3,1,13.0377,2.2752,2.0,20.0,10.0,2.0,0.0,2.4483
11.3,2,10.1249,-0.2176,2.0,20.0,10.0,2.0,1.0374,2.4483
11.3,3,10.1525,2.2305,2.0,20.0,10.0,2.0,2.2281,2.4483
11.4,1,13.1585,2.3526,2.0,20.0,10.0,2.0,0.0,2.4377
11.4,2,10.2382,-0.1784,2.0,20.0,10.0,2.0,1.0625,2.4377
11.4,3,10.3508,2.2567,2.0,20.0,10.0,2.0,2.2462,2.4377
11.5,1,13.2815,2.4335,2.0,20.0,10.0,2.0,0.0,2.4371
11.5,2,10.351,-0.1352,2.0,20.0,10.0,2.0,1.0905,2.4371
11.5,3,10.5473,2.294,2.0,20.0,10.0,2.0,2.2619,2.4371
11.6,1,13.4065,2.5179,2.0,20.0,10.0,2.0,0.0,2.4461
11.6,2,10.4635,-0.0877,2.0,20.0,10.0,2.0,1.1207,2.4461
11.6,3,10.7413,2.3426,2.0,20.0,10.0,2.0,2.2748,2.4461
11.7,1,13.5333,2.6061,2.0,20.0,10.0,2.0,0.0,2.4638
11.7,2,10.5762,-0.0357,2.0,20.0,10.0,2.0,1.1523,2.4638
11.7,3,10.9322,2.4022,2.0,20.0,10.0,2.0,2.2843,2.4638
11.8,1,13.6617,2.6979,2.0,20.0,10.0,2.0,0.0,2.4893
11.8,2,10.6893,0.0209,2.0,20.0,10.0,2.0,1.1849,2.4893
11.8,3,11.1193,2.4729,2.0,20.0,10.0,2.0,2.2902,2.4893
11.9,1,13.7915,2.7935,2.0,20.0,10.0,2.0,0.0,2.501
11.9,2,10.803,0.0824,2.0,20.0,10.0,2.0,1.2178,2.501
11.9,3,11.302,2.5542,2.0,20.0,10.0,2.0,2.2922,2.501
12.0,1,13.9227,2.8928,2.0,20.0,10.0,2.0,0.0,2.4554
12.0,2,10.9309,0.138,2.0,20.0,10.0,2.0,1.2464,2.4554
12.0,3,11.4797,2.6461,2.0,20.0,10.0,2.0,2.29,2.4554
12.1,1,14.055,2.9958,2.0,20.0,10.0,2.0,0.0,2.4159
12.1,2,11.0595,0.2001,2.0,20.0,10.0,2.0,1.2744,2.4159
12.1,3,11.6518,2.748,2.0,20.0,10.0,2.0,2.2837,2.4159
12.2,1,14.1883,3.1023,2.0,20.0,10.0,2.0,0.0,2.3829
12.2,2,11.1891,0.2683,2.0,20.0,10.0,2.0,1.3015,2.3829
12.2,3,11.8178,2.8595,2.0,20.0,10.0,2.0,2.2732,2.3829
12.3,1,14.3225,3.2124,2.0,20.0,10.0,2.0,0.0,2.3567
12.3,2,11.3197,0.3424,2.0,20.0,10.0,2.0,1.3276,2.3567
12.3,3,11.9772,2.9802,2.0,20.0,10.0,2.0,2.2587,2.3567
12.4,1,14.4575,3.326,2.0,20.0,10.0,2.0,0.0,2.3377
12.4,2,11.4516,0.4222,2.0,20.0,10.0,2.0,1.3523,2.3377
12.4,3,12.1298,3.1096,2.0,20.0,10.0,2.0,2.2405,2.3377
12.5,1,14.5931,3.4429,2.0,20.0,10.0,2.0,0.0,2.3263
12.5,2,11.5846,0.5073,2.0,20.0,10.0,2.0,1.3756,2.3263
12.5,3,12.2751,3.2469,2.0,20.0,10.0,2.0,2.2189,2.3263
12.6,1,14.7293,3.5632,2.0,20.0,10.0,2.0,0.0,2.3224
12.6,2,11.719,0.5976,2.0,20.0,10.0,2.0,1.3975,2.3224
12.6,3,12.4133,3.3916,2.0,20.0,10.0,2.0,2.1945,2.3224
12.7,1,14.866,3.6867,2.0,20.0,10.0,2.0,0.0,2.3263
12.7,2,11.8546,0.6929,2.0,20.0,10.0,2.0,1.4179,2.3263
12.7,3,12.5442,3.5428,2.0,20.0,10.0,2.0,2.1679,2.3263
12.8,1,14.9888,3.8063,2.0,20.0,10.0,2.0,0.0,2.3232
12.8,2,11.9914,0.793,2.0,20.0,10.0,2.0,1.4218,2.3232
12.8,3,12.668,3.6998,2.0,20.0,10.0,2.0,2.1307,2.3232
12.9,1,15.1143,3.9292,2.0,20.0,10.0,2.0,0.0,2.3307
12.9,2,12.1276,0.8972,2.0,20.0,10.0,2.0,1.4278,2.3307
12.9,3,12.7845,3.8624,2.0,20.0,10.0,2.0,2.0929,2.3307
13.0,1,15.2421,4.0556,2.0,20.0,10.0,2.0,0.0,2.3485
13.0,2,12.2634,1.0039,2.0,20.0,10.0,2.0,1.4367,2.3485
13.0,3,12.8938,4.0299,2.0,20.0,10.0,2.0,2.0554,2.3485
13.1,1,15.3721,4.1857,2.0,20.0,10.0,2.0,0.0,2.3756
13.1,2,12.3988,1.1128,2.0,20.0,10.0,2.0,1.4486,2.3756
13.1,3,12.9965,4.2015,2.0,20.0,10.0,2.0,2.0194,2.3756
13.2,1,15.504,4.3199,2.0,20.0,10.0,2.0,0.0,2.411
13.2,2,12.5342,1.2244,2.0,20.0,10.0,2.0,1.4631,2.411
13.2,3,13.0937,4.3763,2.0,20.0,10.0,2.0,1.9864,2.411
13.3,1,15.6376,4.4583,2.0,20.0,10.0,2.0,0.0,2.4533
13.3,2,12.6697,1.3389,2.0,20.0,10.0,2.0,1.4798,2.4533
13.3,3,13.1861,4.5537,2.0,20.0,10.0,2.0,1.9574,2.4533
13.4,1,15.7728,4.6014,2.0,20.0,10.0,2.0,0.0,2.5014
13.4,2,12.8054,1.4567,2.0,20.0,10.0,2.0,1.4987,2.5014
13.4,3,13.2748,4.7329,2.0,20.0,10.0,2.0,1.9337,2.5014
13.5,1,15.9084,4.7484,2.0,20.0,10.0,2.0,0.0,2.553
13.5,2,12.9414,1.5781,2.0,20.0,10.0,2.0,1.5181,2.553
13.5,3,13.3608,4.9135,2.0,20.0,10.0,2.0,1.9148,2.553
13.6,1,16.0423,4.8969,2.0,20.0,10.0,2.0,0.0,2.6049
13.6,2,13.0777,1.7033,2.0,20.0,10.0,2.0,1.5347,2.6049
13.6,3,13.4449,5.095,2.0,20.0,10.0,2.0,1.8984,2.6049
13.7,1,16.1746,5.0469,2.0,20.0,10.0,2.0,0.0,2.6565
13.7,2,13.2138,1.8322,2.0,20.0,10.0,2.0,1.5487,2.6565
13.7,3,13.5281,5.2768,2.0,20.0,10.0,2.0,1.8844,2.6565
13.8,1,16.3055,5.1982,2.0,20.0,10.0,2.0,0.0,2.7069
13.8,2,13.3496,1.9648,2.0,20.0,10.0,2.0,1.5604,2.7069
13.8,3,13.6111,5.4588,2.0,20.0,10.0,2.0,1.8728,2.7069
13.9,1,16.4349,5.3506,2.0,20.0,10.0,2.0,0.0,2.7554
13.9,2,13.4847,2.1009,2.0,20.0,10.0,2.0,1.5699,2.7554
13.9,3,13.6948,5.6405,2.0,20.0,10.0,2.0,1.8635,2.7554
14.0,1,16.563,5.5042,2.0,20.0,10.0,2.0,0.0,2.8012
14.0,2,13.6191,2.2403,2.0,20.0,10.0,2.0,1.5775,2.8012
14.0,3,13.7798,5.8215,2.0,20.0,10.0,2.0,1.8561,2.8012
14.1,1,16.6897,5.659,2.0,20.0,10.0,2.0,0.0,2.8437
14.1,2,13.7524,2.383,2.0,20.0,10.0,2.0,1.5833,2.8437
14.1,3,13.8667,6.0016,2.0,20.0,10.0,2.0,1.8505,2.8437
14.2,1,16.8151,5.8147,2.0,20.0,10.0,2.0,0.0,2.8826
14.2,2,13.8846,2.5287,2.0,20.0,10.0,2.0,1.5874,2.8826
14.2,3,13.9559,6.1806,2.0,20.0,10.0,2.0,1.8463,2.8826
14.3,1,16.9394,5.9714,2.0,20.0,10.0,2.0,0.0,2.9174
14.3,2,14.0156,2.6773,2.0,20.0,10.0,2.0,1.59,2.9174
14.3,3,14.0478,6.3583,2.0,20.0,10.0,2.0,1.8432,2.9174
14.4,1,17.0627,6.129,2.0,20.0,10.0,2.0,0.0,2.9482
14.4,2,14.1453,2.8286,2.0,20.0,10.0,2.0,1.5914,2.9482
14.4,3,14.1425,6.5344,2.0,20.0,10.0,2.0,1.841,2.9482
14.5,1,17.185,6.2872,2.0,20.0,10.0,2.0,0.0,2.9751
14.5,2,14.2733,2.9822,2.0,20.0,10.0,2.0,1.5919,2.9751
14.5,3,14.24,6.709,2.0,20.0,10.0,2.0,1.8394,2.9751
14.6,1,17.3065,6.446,2.0,20.0,10.0,2.0,0.0,2.9981
14.6,2,14.3995,3.1374,2.0,20.0,10.0,2.0,1.5922,2.9981
14.6,3,14.3403,6.8821,2.0,20.0,10.0,2.0,1.8384,2.9981
14.7,1,17.4274,6.6054,2.0,20.0,10.0,2.0,0.0,3.0176
14.7,2,14.5239,3.2941,2.0,20.0,10.0,2.0,1.5925,3.0176
14.7,3,14.4432,7.0535,2.0,20.0,10.0,2.0,1.8376,3.0176
14.8,1,17.5482,6.7648,2.0,20.0,10.0,2.0,0.0,3.0349
14.8,2,14.6466,3.452,2.0,20.0,10.0,2.0,1.5926,3.0349
14.8,3,14.5482,7.2238,2.0,20.0,10.0,2.0,1.837,3.0349
14.9,1,17.669,6.9242,2.0,20.0,10.0,2.0,0.0,3.048
14.9,2,14.7678,3.611,2.0,20.0,10.0,2.0,1.5926,3.048
14.9,3,14.657,7.3916,2.0,20.0,10.0,2.0,1.8365,3.048
15.0,1,17.7898,7.0836,2.0,20.0,10.0,2.0,0.0,3.0596
15.0,2,14.8879,3.771,2.0,20.0,10.0,2.0,1.5926,3.0596
15.0,3,14.7672,7.5585,2.0,20.0,10.0,2.0,1.8362,3.0596
15.1,1,17.9106,7.243,2.0,20.0,10.0,2.0,0.0,3.07
15.1,2,14.9969,3.9295,2.0,20.0,10.0,2.0,1.6,3.07
15.1,3,14.8786,7.7246,2.0,20.0,10.0,2.0,1.8359,3.07
15.2,1,18.0314,7.4024,2.0,20.0,10.0,2.0,0.0,3.0792
15.2,2,15.1085,4.09,2.0,20.0,10.0,2.0,1.6043,3.0792
15.2,3,14.991,7.89,2.0,20.0,10.0,2.0,1.8356,3.0792
15.3,1,18.1522,7.5618,2.0,20.0,10.0,2.0,0.0,3.0874
15.3,2,15.2228,4.2525,2.0,20.0,10.0,2.0,1.6056,3.0874
15.3,3,15.1044,8.0548,2.0,20.0,10.0,2.0,1.8354,3.0874
15.4,1,18.273,7.7212,2.0,20.0,10.0,2.0,0.0,3.0947
15.4,2,15.3385,4.4156,2.0,20.0,10.0,2.0,1.6055,3.0947
15.4,3,15.2186,8.219,2.0,20.0,10.0,2.0,1.8353,3.0947
15.5,1,18.3938,7.8806,2.0,20.0,10.0,2.0,0.0,3.1012
15.5,2,15.4549,4.5782,2.0,20.0,10.0,2.0,1.6055,3.1012
15.5,3,15.3335,8.3827,2.0,20.0,10.0,2.0,1.8352,3.1012
15.6,1,18.5146,8.04,2.0,20.0,10.0,2.0,0.0,3.107
15.6,2,15.5719,4.7404,2.0,20.0,10.0,2.0,1.6054,3.107
15.6,3,15.449,8.5459,2.0,20.0,10.0,2.0,1.8351,3.107
15.7,1,18.6334,8.1968,2.0,20.0,10.0,2.0,0.0,3.1107
15.7,2,15.6893,4.9023,2.0,20.0,10.0,2.0,1.6021,3.1107
15.7,3,15.5651,8.7088,2.0,20.0,10.0,2.0,1.8317,3.1107
15.8,1,18.7427,8.341,2.0,20.0,10.0,2.0,0.0,3.1065
15.8,2,15.8072,5.0639,2.0,20.0,10.0,2.0,1.5831,3.1065
15.8,3,15.6818,8.8712,2.0,20.0,10.0,2.0,1.8127,3.1065
15.9,1,18.8433,8.4737,2.0,20.0,10.0,2.0,0.0,3.0955
15.9,2,15.9254,5.2253,2.0,20.0,10.0,2.0,1.5496,3.0955
15.9,3,15.7988,9.0334,2.0,20.0,10.0,2.0,1.7792,3.0955
16.0,1,18.9359,8.5958,2.0,20.0,10.0,2.0,0.0,3.0785
16.0,2,16.0438,5.3864,2.0,20.0,10.0,2.0,1.5028,3.0785
16.0,3,15.9163,9.1953,2.0,20.0,10.0,2.0,1.7324,3.0785
16.1,1,19.021,8.7082,2.0,20.0,10.0,2.0,0.0,3.0567
16.1,2,16.1626,5.5474,2.0,20.0,10.0,2.0,1.4437,3.0567
16.1,3,16.034,9.357,2.0,20.0,10.0,2.0,1.6733,3.0567
16.2,1,19.0993,8.8115,2.0,20.0,10.0,2.0,0.0,3.031
16.2,2,16.2815,5.7082,2.0,20.0,10.0,2.0,1.3734,3.031
16.2,3,16.1519,9.5185,2.0,20.0,10.0,2.0,1.6029,3.031
16.3,1,19.1714,8.9066,2.0,20.0,10.0,2.0,0.0,3.0025
16.3,2,16.396,5.8626,2.0,20.0,10.0,2.0,1.3004,3.0025
16.3,3,16.2701,9.6798,2.0,20.0,10.0,2.0,1.5222,3.0025
16.4,1,19.2377,8.9941,2.0,20.0,10.0,2.0,0.0,2.9723
16.4,2,16.5045,6.0088,2.0,20.0,10.0,2.0,1.2281,2.9723
16.4,3,16.3886,9.841,2.0,20.0,10.0,2.0,1.432,2.9723
16.5,1,19.2997,9.0742,2.0,20.0,10.0,2.0,0.0,2.9436
16.5,2,16.6072,6.1467,2.0,20.0,10.0,2.0,1.1575,2.9436
16.5,3,16.5063,10.0027,2.0,20.0,10.0,2.0,1.3333,2.9436
16.6,1,19.3579,9.1476,2.0,20.0,10.0,2.0,0.0,2.9212
16.6,2,16.7041,6.2766,2.0,20.0,10.0,2.0,1.0891,2.9212
16.6,3,16.6152,10.1534,2.0,20.0,10.0,2.0,1.2409,2.9212
16.7,1,19.4122,9.2147,2.0,20.0,10.0,2.0,0.0,2.9038
16.7,2,16.7956,6.3985,2.0,20.0,10.0,2.0,1.0229,2.9038
16.7,3,16.7163,10.2937,2.0,20.0,10.0,2.0,1.1544,2.9038
16.8,1,19.4628,9.2761,2.0,20.0,10.0,2.0,0.0,2.8904
16.8,2,16.882,6.5128,2.0,20.0,10.0,2.0,0.9592,2.8904
16.8,3,16.8101,10.424,2.0,20.0,10.0,2.0,1.0733,2.8904
16.9,1,19.5098,9.3323,2.0,20.0,10.0,2.0,0.0,2.8801
16.9,2,16.9633,6.6196,2.0,20.0,10.0,2.0,0.8981,2.8801
16.9,3,16.8975,10.5451,2.0,20.0,10.0,2.0,0.9973,2.8801
17.0,1,19.5534,9.3837,2.0,20.0,10.0,2.0,0.0,2.8723
17.0,2,17.0398,6.7194,2.0,20.0,10.0,2.0,0.8396,2.8723
17.0,3,16.9788,10.6573,2.0,20.0,10.0,2.0,0.9261,2.8723
17.1,1,19.5937,9.4307,2.0,20.0,10.0,2.0,0.0,2.8665
17.1,2,17.1117,6.8124,2.0,20.0,10.0,2.0,0.784,2.8665
17.1,3,17.0547,10.7613,2.0,20.0,10.0,2.0,0.8594,2.8665
17.2,1,19.6309,9.4738,2.0,20.0,10.0,2.0,0.0,2.8622
17.2,2,17.1792,6.899,2.0,20.0,10.0,2.0,0.7311,2.8622
17.2,3,17.1254,10.8575,2.0,20.0,10.0,2.0,0.7971,2.8622
17.3,1,19.6653,9.5132,2.0,20.0,10.0,2.0,0.0,2.8591
17.3,2,17.2424,6.9794,2.0,20.0,10.0,2.0,0.681,2.8591
17.3,3,17.1914,10.9464,2.0,20.0,10.0,2.0,0.7388,2.8591
17.4,1,19.6969,9.5493,2.0,20.0,10.0,2.0,0.0,2.8569
17.4,2,17.3016,7.0542,2.0,20.0,10.0,2.0,0.6336,2.8569
17.4,3,17.2528,11.0286,2.0,20.0,10.0,2.0,0.6844,2.8569
17.5,1,19.7261,9.5824,2.0,20.0,10.0,2.0,0.0,2.8554
17.5,2,17.3569,7.1235,2.0,20.0,10.0,2.0,0.5889,2.8554
17.5,3,17.3101,11.1044,2.0,20.0,10.0,2.0,0.6336,2.8554
17.6,1,19.7529,9.6127,2.0,20.0,10.0,2.0,0.0,2.8545
17.6,2,17.4086,7.1877,2.0,20.0,10.0,2.0,0.5469,2.8545
17.6,3,17.3634,11.1744,2.0,20.0,10.0,2.0,0.5863,2.8545
17.7,1,19.7775,9.6405,2.0,20.0,10.0,2.0,0.0,2.854
17.7,2,17.4568,7.2472,2.0,20.0,10.0,2.0,0.5075,2.854
17.7,3,17.4131,11.239,2.0,20.0,10.0,2.0,0.5422,2.854
17.8,1,19.8001,9.666,2.0,20.0,10.0,2.0,0.0,2.8539
17.8,2,17.5017,7.3023,2.0,20.0,10.0,2.0,0.4705,2.8539
17.8,3,17.4593,11.2985,2.0,20.0,10.0,2.0,0.5013,2.8539
17.9,1,19.8209,9.6894,2.0,20.0,10.0,2.0,0.0,2.8539
17.9,2,17.5435,7.3532,2.0,20.0,10.0,2.0,0.4359,2.8539
17.9,3,17.5022,11.3533,2.0,20.0,10.0,2.0,0.4632,2.8539
18.0,1,19.84,9.7108,2.0,20.0,10.0,2.0,0.0,2.8542
18.0,2,17.5823,7.4003,2.0,20.0,10.0,2.0,0.4035,2.8542
18.0,3,17.5421,11.4037,2.0,20.0,10.0,2.0,0.4279,2.8542
18.1,1,19.8575,9.7305,2.0,20.0,10.0,2.0,0.0,2.8545
18.1,2,17.6184,7.4438,2.0,20.0,10.0,2.0,0.3733,2.8545
18.1,3,17.5791,11.4502,2.0,20.0,10.0,2.0,0.3951,2.8545
18.2,1,19.8735,9.7486,2.0,20.0,10.0,2.0,0.0,2.855
18.2,2,17.6519,7.4839,2.0,20.0,10.0,2.0,0.3452,2.855
18.2,3,17.6134,11.4929,2.0,20.0,10.0,2.0,0.3647,2.855
18.3,1,19.8882,9.7651,2.0,20.0,10.0,2.0,0.0,2.8555
18.3,2,17.6829,7.521,2.0,20.0,10.0,2.0,0.319,2.8555
18.3,3,17.6452,11.5323,2.0,20.0,10.0,2.0,0.3366,2.8555
18.4,1,19.9017,9.7803,2.0,20.0,10.0,2.0,0.0,2.856
18.4,2,17.7117,7.5551,2.0,20.0,10.0,2.0,0.2947,2.856
18.4,3,17.6747,11.5684,2.0,20.0,10.0,2.0,0.3105,2.856
18.5,1,19.9141,9.7943,2.0,20.0,10.0,2.0,0.0,2.8566
18.5,2,17.7383,7.5867,2.0,20.0,10.0,2.0,0.2721,2.8566
18.5,3,17.702,11.6017,2.0,20.0,10.0,2.0,0.2865,2.8566
18.6,1,19.9254,9.8071,2.0,20.0,10.0,2.0,0.0,2.8571
18.6,2,17.7629,7.6157,2.0,20.0,10.0,2.0,0.2511,2.8571
18.6,3,17.7273,11.6323,2.0,20.0,10.0,2.0,0.2642,2.8571
18.7,1,19.9358,9.8189,2.0,20.0,10.0,2.0,0.0,2.8576
18.7,2,17.7856,7.6425,2.0,20.0,10.0,2.0,0.2316,2.8576
18.7,3,17.7506,11.6604,2.0,20.0,10.0,2.0,0.2437,2.8576
